Damager,TotalDamage,TotalDps,Level0,Level1,Level2,Level3,Level4,Level5,Level6,Level7,Level8,Level9
DDamager,8840,187.3165,16.13706,196.806,
DDamager,12790,271.0157,9.161757,287.0855,
LYDamager,6750,143.0302,4.554334,185.0098,
RetaliationDamager,2540,53.82172,9.624166,67.94678,
