Damager,TotalDamage,TotalDps,Level0,Level1,Level2,Level3,Level4,Level5,Level6,Level7,Level8,Level9,Level10
SaDouChengBingDamager,2532.8,76.46786,Infinity,40.11478,197.8829,114.038,149.779,59.63782,11.36053,78.0447,89.27866
ResonanceDamager,1494.267,45.11346,Infinity,13.84243,25.29331,6.479433,176.5253,3.822937,143.1427,89.38453,4.959925
BackFlowDamager,253.3333,7.648396,Infinity,3.531231,6.762917,26.50677,8.683847,6.950795,15.49163,8.717114,9.018046
OrbiterDamager,253.6111,7.656783,Infinity,1.942177,9.29901,16.19858,9.552233,9.557343,14.20066,6.948424,13.77757
ExplosionDamager,600,18.11462,Infinity,4.237477,16.90729,35.34236,20.84124,20.85238,25.81939,47.75462
