Damager,TotalDamage,TotalDps,Level0,Level1,Level2,Level3,Level4,Level5,Level6,Level7,Level8,Level9
ResonanceDamager,6931.113,120.9284120.9284,
SaDouChengBingDamager,3454.667,60.27423.601977,66.35326,
BackFlowDamager,552.7777,9.6444139.644413,
ChaoDamager,3497.778,61.026363.079258,70.5892,
EnemyDamager,37.5,0.65426930.6542693,
ExplosionDamager,3068.889,53.5434753.54347,
