Damager,TotalDamage,TotalDps,Level0,Level1,Level2,Level3,Level4,Level5,Level6,Level7,Level8,Level9,Level10,Level11,Level12,Level13
SaDouChengBingDamager,3473.778,91.46181,Infinity,39.56051,261.7618,148.3404,201.5628,244.3971,165.0332,155.2294,90.79031,15.65939,279.32,73.45442,8.488492
ResonanceDamager,3658.667,96.32978,Infinity,33.21129,35.69479,3.449776,298.145,151.9225,105.3403,341.1812,118.945,442.6386,198.8981,233.0765,69.49953
BackFlowDamager,283.3333,7.459942,Infinity,0.9157526,14.87283,12.93666,10.49806,13.7611,10.97295,4.042431,18.76982,26.09898,10.78363,17.65731,2.652654
EnemyDamager,0,0
ChaoDamager,735.5555,19.36659,Infinity,1.526254,74.36414,8.62444,52.49032,13.7611,13.16754,24.25459,40.66794,82.64676,12.94036,127.1327,19.8949
ExplosionDamager,1240,32.64822,Infinity,3.052509,148.7283,14.37407,104.9806,33.02664,26.33508,48.50918,222.1095,39.14846,21.56726
ExplosionDamager,100,2.632921,Infinity,3.052509
