Damager,TotalDamage,TotalDps,Level0,Level1,Level2,Level3,Level4,Level5,Level6,Level7,Level8,Level9
DDamager,14340,259.8379,9.547733,280.3989,
DDamager,24755,448.5556,4.407241,499.4369,
LYDamager,5550,100.5649,1.899574,190.5318,
BackFlowDamager,280,5.073544,0.1461028,13.11662,
