Damager,TotalDamage,TotalDps,Level0,Level1,Level2,Level3,Level4,Level5,Level6,Level7,Level8,Level9
DDamager,9380,333.0648,7.314732,378.0573,
RetaliationDamager,2470,87.7047,10.94133,102.5734,
DDamager,3340,118.5966,13.03481,139.2212,
LYDamager,1775,63.02666,7.421318,80.51215,
